player_names_name,player_names_url,player_names_num_nat_name,player_names_basic_bio_name
Rafael Nadal,https://www.atpworldtour.com/en/players/rafael-nadal/n409/overview,1,
Rafael Nadal,https://www.atpworldtour.com/en/players/rafael-nadal/n409/overview,ESP,
,,,32 (1986.06.03)
,,,2001
,,,188lbs(85kg)
,,,"6'1""(185cm)"
,,,"Manacor, Mallorca, Spain"
,,,"Manacor, Mallorca, Spain"
,,,"Left-Handed, Two-Handed Backhand"
,,,"Carlos Moya, Francisco Roig"
Roger Federer,https://www.atpworldtour.com/en/players/roger-federer/f324/overview,2,
Roger Federer,https://www.atpworldtour.com/en/players/roger-federer/f324/overview,SUI,
,,,37 (1981.08.08)
,,,1998
,,,187lbs(85kg)
,,,"6'1""(185cm)"
,,,"Basel, Switzerland"
,,,Switzerland
,,,"Right-Handed, One-Handed Backhand"
,,,"Ivan Ljubicic, Severin Luthi"
Juan Martin del Potro,https://www.atpworldtour.com/en/players/juan-martin-del-potro/d683/overview,3,
Juan Martin del Potro,https://www.atpworldtour.com/en/players/juan-martin-del-potro/d683/overview,ARG,
,,,29 (1988.09.23)
,,,2005
,,,214lbs(97kg)
,,,"6'6""(198cm)"
,,,"Tandil, Argentina"
,,,"Tandil, Argentina"
,,,"Right-Handed, Two-Handed Backhand"
,,,Sebastian Prieto
Alexander Zverev,https://www.atpworldtour.com/en/players/alexander-zverev/z355/overview,4,
Alexander Zverev,https://www.atpworldtour.com/en/players/alexander-zverev/z355/overview,GER,
,,,21 (1997.04.20)
,,,2013
,,,198lbs(90kg)
,,,"6'6""(198cm)"
,,,"Hamburg, Germany"
,,,"Monte Carlo, Monaco"
,,,"Right-Handed, Two-Handed Backhand"
,,,"Ivan Lendl, Alexander Zverev Sr."
Kevin Anderson,https://www.atpworldtour.com/en/players/kevin-anderson/a678/overview,5,
Kevin Anderson,https://www.atpworldtour.com/en/players/kevin-anderson/a678/overview,RSA,
,,,32 (1986.05.18)
,,,2007
,,,205lbs(93kg)
,,,"6'8""(203cm)"
,,,"Johannesburg, South Africa"
,,,"Gulf Stream, FL, USA"
,,,"Right-Handed, Two-Handed Backhand"
,,,Brad Stine
Novak Djokovic,https://www.atpworldtour.com/en/players/novak-djokovic/d643/overview,6,
Novak Djokovic,https://www.atpworldtour.com/en/players/novak-djokovic/d643/overview,SRB,
,,,31 (1987.05.22)
,,,2003
,,,170lbs(77kg)
,,,"6'2""(188cm)"
,,,"Belgrade, Serbia"
,,,"Monte Carlo, Monaco"
,,,"Right-Handed, Two-Handed Backhand"
,,,Marian Vajda
Marin Cilic,https://www.atpworldtour.com/en/players/marin-cilic/c977/overview,7,
Marin Cilic,https://www.atpworldtour.com/en/players/marin-cilic/c977/overview,CRO,
,,,29 (1988.09.28)
,,,2005
,,,196lbs(89kg)
,,,"6'6""(198cm)"
,,,"Medjugorje, Bosnia-Herzegovina"
,,,"Monte Carlo, Monaco"
,,,"Right-Handed, Two-Handed Backhand"
,,,Ivan Cinkus
Grigor Dimitrov,https://www.atpworldtour.com/en/players/grigor-dimitrov/d875/overview,8,
Grigor Dimitrov,https://www.atpworldtour.com/en/players/grigor-dimitrov/d875/overview,BUL,
,,,27 (1991.05.16)
,,,2008
,,,176lbs(80kg)
,,,"6'3""(191cm)"
,,,"Haskovo, Bulgaria"
,,,"Monte Carlo, Monaco"
,,,"Right-Handed, One-Handed Backhand"
,,,Daniel Vallverdu
Dominic Thiem,https://www.atpworldtour.com/en/players/dominic-thiem/tb69/overview,9,
Dominic Thiem,https://www.atpworldtour.com/en/players/dominic-thiem/tb69/overview,AUT,
,,,24 (1993.09.03)
,,,2011
,,,174lbs(79kg)
,,,"6'1""(185cm)"
,,,"Wiener Neustadt, Austria"
,,,"Lichtenwörth, Austria"
,,,"Right-Handed, One-Handed Backhand"
,,,Günter Bresnik
David Goffin,https://www.atpworldtour.com/en/players/david-goffin/gb88/overview,10,
David Goffin,https://www.atpworldtour.com/en/players/david-goffin/gb88/overview,BEL,
,,,27 (1990.12.07)
,,,2009
,,,150lbs(68kg)
,,,"5'11""(180cm)"
,,,"Rocourt, Belgium"
,,,"Monte Carlo, Monaco"
,,,"Right-Handed, Two-Handed Backhand"
,,,Thierry Van Cleemput
John Isner,https://www.atpworldtour.com/en/players/john-isner/i186/overview,11,
John Isner,https://www.atpworldtour.com/en/players/john-isner/i186/overview,USA,
,,,33 (1985.04.26)
,,,2007
,,,238lbs(108kg)
,,,"6'10""(208cm)"
,,,"Greensboro, NC, USA"
,,,"Dallas, TX, USA"
,,,"Right-Handed, Two-Handed Backhand"
,,,"Rene Moller, David Macpherson"
Pablo Carreno Busta,https://www.atpworldtour.com/en/players/pablo-carreno-busta/cd85/overview,12,
Pablo Carreno Busta,https://www.atpworldtour.com/en/players/pablo-carreno-busta/cd85/overview,ESP,
,,,27 (1991.07.12)
,,,2009
,,,172lbs(78kg)
,,,"6'2""(188cm)"
,,,"Gijon, Spain"
,,,"Barcelona, Spain"
,,,"Right-Handed, Two-Handed Backhand"
,,,"Samuel Lopez, Cesar Fabregas"
Diego Schwartzman,https://www.atpworldtour.com/en/players/diego-schwartzman/sm37/overview,13,
Diego Schwartzman,https://www.atpworldtour.com/en/players/diego-schwartzman/sm37/overview,ARG,
,,,26 (1992.08.16)
,,,2010
,,,141lbs(64kg)
,,,"5'7""(170cm)"
,,,"Buenos Aires, Argentina"
,,,"Buenos Aires, Argentina"
,,,"Right-Handed, Two-Handed Backhand"
,,,Juan Ignacio Chela
Fabio Fognini,https://www.atpworldtour.com/en/players/fabio-fognini/f510/overview,14,
Fabio Fognini,https://www.atpworldtour.com/en/players/fabio-fognini/f510/overview,ITA,
,,,31 (1987.05.24)
,,,2004
,,,174lbs(79kg)
,,,"5'10""(178cm)"
,,,"Sanremo, Italy"
,,,"Arma di Taggia, Italy"
,,,"Right-Handed, Two-Handed Backhand"
,,,Franco Davin
Stefanos Tsitsipas,https://www.atpworldtour.com/en/players/stefanos-tsitsipas/te51/overview,15,
Stefanos Tsitsipas,https://www.atpworldtour.com/en/players/stefanos-tsitsipas/te51/overview,GRE,
,,,20 (1998.08.12)
,,,2016
,,,187lbs(85kg)
,,,"6'4""(193cm)"
,,,"Athens, Greece"
,,,"Nicosia, Cyprus"
,,,"Right-Handed, One-Handed Backhand"
,,,Apostolos Tsitsipas
Kyle Edmund,https://www.atpworldtour.com/en/players/kyle-edmund/e831/overview,16,
Kyle Edmund,https://www.atpworldtour.com/en/players/kyle-edmund/e831/overview,GBR,
,,,23 (1995.01.08)
,,,2012
,,,184lbs(83kg)
,,,"6'2""(188cm)"
,,,"Johannesburg, South Africa"
,,,"Nassau, Bahamas"
,,,"Right-Handed, Two-Handed Backhand"
,,,Fredrik Rosengren
Lucas Pouille,https://www.atpworldtour.com/en/players/lucas-pouille/pf39/overview,17,
Lucas Pouille,https://www.atpworldtour.com/en/players/lucas-pouille/pf39/overview,FRA,
,,,24 (1994.02.23)
,,,2012
,,,179lbs(81kg)
,,,"6'1""(185cm)"
,,,"Grande-Synthe, France"
,,,"Dubai, UAE"
,,,"Right-Handed, Two-Handed Backhand"
,,,Emmanuel Planque
Jack Sock,https://www.atpworldtour.com/en/players/jack-sock/sm25/overview,18,
Jack Sock,https://www.atpworldtour.com/en/players/jack-sock/sm25/overview,USA,
,,,25 (1992.09.24)
,,,2011
,,,185lbs(84kg)
,,,"6'3""(191cm)"
,,,"Lincoln, NE, USA"
,,,"Kansas City, KS, USA"
,,,"Right-Handed, Two-Handed Backhand"
,,,Mark Knowles
Kei Nishikori,https://www.atpworldtour.com/en/players/kei-nishikori/n552/overview,19,
Kei Nishikori,https://www.atpworldtour.com/en/players/kei-nishikori/n552/overview,JPN,
,,,28 (1989.12.29)
,,,2007
,,,165lbs(75kg)
,,,"5'10""(178cm)"
,,,"Shimane, Japan"
,,,"Bradenton, FL, USA"
,,,"Right-Handed, Two-Handed Backhand"
,,,"Dante Bottini, Michael Chang"
Borna Coric,https://www.atpworldtour.com/en/players/borna-coric/cg80/overview,20,
Borna Coric,https://www.atpworldtour.com/en/players/borna-coric/cg80/overview,CRO,
,,,21 (1996.11.14)
,,,2013
,,,187lbs(85kg)
,,,"6'2""(188cm)"
,,,"Zagreb, Croatia"
,,,"Dubai, UAE"
,,,"Right-Handed, Two-Handed Backhand"
,,,"Riccardo Piatti, Kristijan Schneider"
Marco Cecchinato,https://www.atpworldtour.com/en/players/marco-cecchinato/cf01/overview,21,
Marco Cecchinato,https://www.atpworldtour.com/en/players/marco-cecchinato/cf01/overview,ITA,
,,,25 (1992.09.30)
,,,2010
,,,172lbs(78kg)
,,,"6'1""(185cm)"
,,,"Palermo, Italy"
,,,"Palermo, Italy"
,,,"Right-Handed, One-Handed Backhand"
,,,Simone Vagnozzi
Roberto Bautista Agut,https://www.atpworldtour.com/en/players/roberto-bautista-agut/bd06/overview,22,
Roberto Bautista Agut,https://www.atpworldtour.com/en/players/roberto-bautista-agut/bd06/overview,ESP,
,,,30 (1988.04.14)
,,,2005
,,,165lbs(75kg)
,,,"6'0""(183cm)"
,,,"Castellon de la Plana, Spain"
,,,"Castellon de la Plana, Spain"
,,,"Right-Handed, Two-Handed Backhand"
,,,"Tomas Carbonell, Pepe Vendrell"
Hyeon Chung,https://www.atpworldtour.com/en/players/hyeon-chung/ch27/overview,23,
Hyeon Chung,https://www.atpworldtour.com/en/players/hyeon-chung/ch27/overview,KOR,
,,,22 (1996.05.19)
,,,2014
,,,192lbs(87kg)
,,,"6'2""(188cm)"
,,,"Suwon, South Korea"
,,,"Suwon, South Korea"
,,,"Right-Handed, Two-Handed Backhand"
,,,Neville Godwin
Milos Raonic,https://www.atpworldtour.com/en/players/milos-raonic/r975/overview,24,
Milos Raonic,https://www.atpworldtour.com/en/players/milos-raonic/r975/overview,CAN,
,,,27 (1990.12.27)
,,,2008
,,,216lbs(98kg)
,,,"6'5""(196cm)"
,,,"Podgorica, Montenegro"
,,,"Monte Carlo, Monaco"
,,,"Right-Handed, Two-Handed Backhand"
,,,Goran Ivanisevic
Richard Gasquet,https://www.atpworldtour.com/en/players/richard-gasquet/g628/overview,25,
Richard Gasquet,https://www.atpworldtour.com/en/players/richard-gasquet/g628/overview,FRA,
,,,32 (1986.06.18)
,,,2002
,,,165lbs(75kg)
,,,"6'1""(185cm)"
,,,"Beziers, France"
,,,"Neuchatel, Switzerland"
,,,"Right-Handed, One-Handed Backhand"
,,,"Fabrice Santoro, Thierry Tulasne"
Karen Khachanov,https://www.atpworldtour.com/en/players/karen-khachanov/ke29/overview,26,
Karen Khachanov,https://www.atpworldtour.com/en/players/karen-khachanov/ke29/overview,RUS,
,,,22 (1996.05.21)
,,,2013
,,,192lbs(87kg)
,,,"6'6""(198cm)"
,,,"Moscow, Russia"
,,,"Dubai, UAE"
,,,"Right-Handed, Two-Handed Backhand"
,,,Vedran Martic
Damir Dzumhur,https://www.atpworldtour.com/en/players/damir-dzumhur/d923/overview,27,
Damir Dzumhur,https://www.atpworldtour.com/en/players/damir-dzumhur/d923/overview,BIH,
,,,26 (1992.05.20)
,,,2011
,,,150lbs(68kg)
,,,"5'9""(175cm)"
,,,"Sarajevo, Bosnia-Herzegovina"
,,,"Sarajevo, Bosnia-Herzegovina"
,,,"Right-Handed, Two-Handed Backhand"
,,,Nerfid Dzumhur-Neno
Denis Shapovalov,https://www.atpworldtour.com/en/players/denis-shapovalov/su55/overview,28,
Denis Shapovalov,https://www.atpworldtour.com/en/players/denis-shapovalov/su55/overview,CAN,
,,,19 (1999.04.15)
,,,2017
,,,165lbs(75kg)
,,,"6'0""(183cm)"
,,,"Tel Aviv, Israel"
,,,"Nassau, Bahamas"
,,,"Left-Handed, One-Handed Backhand"
,,,"Martin Laurendeau, Tessa Shapovalova"
Adrian Mannarino,https://www.atpworldtour.com/en/players/adrian-mannarino/me82/overview,29,
Adrian Mannarino,https://www.atpworldtour.com/en/players/adrian-mannarino/me82/overview,FRA,
,,,30 (1988.06.29)
,,,2004
,,,154lbs(70kg)
,,,"5'11""(180cm)"
,,,"Soisy-sous-Montmorency, France"
,,,"Valletta, Malta"
,,,"Left-Handed, Two-Handed Backhand"
,,,Jean-Christophe Faurel
Nick Kyrgios,https://www.atpworldtour.com/en/players/nick-kyrgios/ke17/overview,30,
Nick Kyrgios,https://www.atpworldtour.com/en/players/nick-kyrgios/ke17/overview,AUS,
,,,23 (1995.04.27)
,,,2013
,,,187lbs(85kg)
,,,"6'4""(193cm)"
,,,"Canberra, Australia"
,,,"Canberra, AUS / Nassau, BAH"
,,,"Right-Handed, Two-Handed Backhand"
Steve Johnson,https://www.atpworldtour.com/en/players/steve-johnson/j386/overview,31,
Steve Johnson,https://www.atpworldtour.com/en/players/steve-johnson/j386/overview,USA,
,,,28 (1989.12.24)
,,,2012
,,,190lbs(86kg)
,,,"6'2""(188cm)"
,,,"Orange, CA, USA"
,,,"Redondo Beach, CA, USA"
,,,"Right-Handed, Two-Handed Backhand"
,,,Craig Boynton
Fernando Verdasco,https://www.atpworldtour.com/en/players/fernando-verdasco/v306/overview,32,
Fernando Verdasco,https://www.atpworldtour.com/en/players/fernando-verdasco/v306/overview,ESP,
,,,34 (1983.11.15)
,,,2001
,,,198lbs(90kg)
,,,"6'2""(188cm)"
,,,"Madrid, Spain"
,,,"Doha, Qatar"
,,,"Left-Handed, Two-Handed Backhand"
,,,Nacho Truyol
Filip Krajinovic,https://www.atpworldtour.com/en/players/filip-krajinovic/kb05/overview,33,
Filip Krajinovic,https://www.atpworldtour.com/en/players/filip-krajinovic/kb05/overview,SRB,
,,,26 (1992.02.27)
,,,2008
,,,165lbs(75kg)
,,,"6'1""(185cm)"
,,,"Sombor, Serbia"
,,,"Monte Carlo, Monaco"
,,,"Right-Handed, Two-Handed Backhand"
,,,Petar Popovic
Philipp Kohlschreiber,https://www.atpworldtour.com/en/players/philipp-kohlschreiber/k435/overview,34,
Philipp Kohlschreiber,https://www.atpworldtour.com/en/players/philipp-kohlschreiber/k435/overview,GER,
,,,34 (1983.10.16)
,,,2001
,,,154lbs(70kg)
,,,"5'10""(178cm)"
,,,"Augsburg, Germany"
,,,"Kitzbuhel, Austria"
,,,"Right-Handed, One-Handed Backhand"
,,,Lars Uebel
Sam Querrey,https://www.atpworldtour.com/en/players/sam-querrey/q927/overview,35,
Sam Querrey,https://www.atpworldtour.com/en/players/sam-querrey/q927/overview,USA,
,,,30 (1987.10.07)
,,,2006
,,,210lbs(95kg)
,,,"6'6""(198cm)"
,,,"San Francisco, CA, USA"
,,,"Las Vegas, NV, USA"
,,,"Right-Handed, Two-Handed Backhand"
,,,Craig Boynton
Daniil Medvedev,https://www.atpworldtour.com/en/players/daniil-medvedev/mm58/overview,36,
Daniil Medvedev,https://www.atpworldtour.com/en/players/daniil-medvedev/mm58/overview,RUS,
,,,22 (1996.02.11)
,,,2014
,,,181lbs(82kg)
,,,"6'6""(198cm)"
,,,"Moscow, Russia"
,,,"Monte Carlo, Monaco"
,,,"Right-Handed, Two-Handed Backhand"
,,,Gilles Cervara
Nikoloz Basilashvili,https://www.atpworldtour.com/en/players/nikoloz-basilashvili/bg23/overview,37,
Nikoloz Basilashvili,https://www.atpworldtour.com/en/players/nikoloz-basilashvili/bg23/overview,GEO,
,,,26 (1992.02.23)
,,,2008
,,,174lbs(79kg)
,,,"6'1""(185cm)"
,,,"Tbilisi, Georgia"
,,,"Tbilisi, Georgia"
,,,"Right-Handed, Two-Handed Backhand"
,,,Jan De Witt
Andrey Rublev,https://www.atpworldtour.com/en/players/andrey-rublev/re44/overview,38,
Andrey Rublev,https://www.atpworldtour.com/en/players/andrey-rublev/re44/overview,RUS,
,,,20 (1997.10.20)
,,,2014
,,,154lbs(70kg)
,,,"6'2""(188cm)"
,,,"Moscow, Russia"
,,,"Moscow, Russia"
,,,"Right-Handed, Two-Handed Backhand"
,,,Fernando Vicente
Gael Monfils,https://www.atpworldtour.com/en/players/gael-monfils/mc65/overview,39,
Gael Monfils,https://www.atpworldtour.com/en/players/gael-monfils/mc65/overview,FRA,
,,,31 (1986.09.01)
,,,2004
,,,176lbs(80kg)
,,,"6'4""(193cm)"
,,,"Paris, France"
,,,Switzerland
,,,"Right-Handed, Two-Handed Backhand"
Gilles Simon,https://www.atpworldtour.com/en/players/gilles-simon/sd32/overview,40,
Gilles Simon,https://www.atpworldtour.com/en/players/gilles-simon/sd32/overview,FRA,
,,,33 (1984.12.27)
,,,2002
,,,154lbs(70kg)
,,,"6'0""(183cm)"
,,,"Nice, France"
,,,"Neuchatel, Switzerland"
,,,"Right-Handed, Two-Handed Backhand"
Marton Fucsovics,https://www.atpworldtour.com/en/players/marton-fucsovics/f724/overview,41,
Marton Fucsovics,https://www.atpworldtour.com/en/players/marton-fucsovics/f724/overview,HUN,
,,,26 (1992.02.08)
,,,2010
,,,181lbs(82kg)
,,,"6'2""(188cm)"
,,,"Nyiregyhaza, Hungary"
,,,"Budapest, Hungary"
,,,"Right-Handed, Two-Handed Backhand"
,,,Attila Savolt
Nicolas Jarry,https://www.atpworldtour.com/en/players/nicolas-jarry/j551/overview,42,
Nicolas Jarry,https://www.atpworldtour.com/en/players/nicolas-jarry/j551/overview,CHI,
,,,22 (1995.10.11)
,,,2014
,,,198lbs(90kg)
,,,"6'6""(198cm)"
,,,"Santiago, Chile"
,,,"Santiago, Chile"
,,,"Right-Handed, Two-Handed Backhand"
,,,Martin Rodriguez
Leonardo Mayer,https://www.atpworldtour.com/en/players/leonardo-mayer/md56/overview,43,
Leonardo Mayer,https://www.atpworldtour.com/en/players/leonardo-mayer/md56/overview,ARG,
,,,31 (1987.05.15)
,,,2003
,,,176lbs(80kg)
,,,"6'3""(191cm)"
,,,"Corrientes, Argentina"
,,,"Buenos Aires, Argentina"
,,,"Right-Handed, One-Handed Backhand"
,,,"Mariano Hood, Leo Alonso"
Frances Tiafoe,https://www.atpworldtour.com/en/players/frances-tiafoe/td51/overview,44,
Frances Tiafoe,https://www.atpworldtour.com/en/players/frances-tiafoe/td51/overview,USA,
,,,20 (1998.01.20)
,,,2015
,,,170lbs(77kg)
,,,"6'2""(188cm)"
,,,"Hyattsville, MD, USA"
,,,"Orlando, FL, USA"
,,,"Right-Handed, Two-Handed Backhand"
,,,Robby Ginepri
Alex de Minaur,https://www.atpworldtour.com/en/players/alex-de-minaur/dh58/overview,45,
Alex de Minaur,https://www.atpworldtour.com/en/players/alex-de-minaur/dh58/overview,AUS,
,,,19 (1999.02.17)
,,,2015
,,,152lbs(69kg)
,,,"5'11""(180cm)"
,,,"Sydney, Australia"
,,,"Alicante, Spain"
,,,"Right-Handed, Two-Handed Backhand"
,,,Adolfo Gutierrez
Jeremy Chardy,https://www.atpworldtour.com/en/players/jeremy-chardy/ca12/overview,46,
Jeremy Chardy,https://www.atpworldtour.com/en/players/jeremy-chardy/ca12/overview,FRA,
,,,31 (1987.02.12)
,,,2005
,,,165lbs(75kg)
,,,"6'2""(188cm)"
,,,"Pau, France"
,,,"London, England"
,,,"Right-Handed, Two-Handed Backhand"
,,,James Davidson
Peter Gojowczyk,https://www.atpworldtour.com/en/players/peter-gojowczyk/g967/overview,47,
Peter Gojowczyk,https://www.atpworldtour.com/en/players/peter-gojowczyk/g967/overview,GER,
,,,29 (1989.07.15)
,,,2006
,,,183lbs(83kg)
,,,"6'2""(188cm)"
,,,"Munich, Germany"
,,,"Munich, Germany"
,,,"Right-Handed, Two-Handed Backhand"
,,,Alexander Satschko
Mischa Zverev,https://www.atpworldtour.com/en/players/mischa-zverev/z168/overview,48,
Mischa Zverev,https://www.atpworldtour.com/en/players/mischa-zverev/z168/overview,GER,
,,,31 (1987.08.22)
,,,2005
,,,194lbs(88kg)
,,,"6'3""(191cm)"
,,,"Moscow, Russia"
,,,"Monte Carlo, Monaco"
,,,"Left-Handed, Two-Handed Backhand"
,,,Alexander Zverev Sr.
Robin Haase,https://www.atpworldtour.com/en/players/robin-haase/h756/overview,49,
Robin Haase,https://www.atpworldtour.com/en/players/robin-haase/h756/overview,NED,
,,,31 (1987.04.06)
,,,2005
,,,170lbs(77kg)
,,,"6'3""(191cm)"
,,,"The Hague, The Netherlands"
,,,"Turnhout, Belgium"
,,,"Right-Handed, Two-Handed Backhand"
,,,Raymond Knaap
Maximilian Marterer,https://www.atpworldtour.com/en/players/maximilian-marterer/mn13/overview,50,
Maximilian Marterer,https://www.atpworldtour.com/en/players/maximilian-marterer/mn13/overview,GER,
,,,23 (1995.06.15)
,,,2015
,,,185lbs(84kg)
,,,"6'3""(191cm)"
,,,"Nuremberg, Germany"
,,,"Stein, Germany"
,,,"Left-Handed, Two-Handed Backhand"
,,,Michael Kohlmann
Andreas Seppi,https://www.atpworldtour.com/en/players/andreas-seppi/sa93/overview,51,
Andreas Seppi,https://www.atpworldtour.com/en/players/andreas-seppi/sa93/overview,ITA,
,,,34 (1984.02.21)
,,,2002
,,,172lbs(78kg)
,,,"6'3""(191cm)"
,,,"Bolzano, Italy"
,,,"Caldaro, Italy"
,,,"Right-Handed, Two-Handed Backhand"
,,,Massimo Sartori
Albert Ramos-Vinolas,https://www.atpworldtour.com/en/players/albert-ramos-vinolas/r772/overview,52,
Albert Ramos-Vinolas,https://www.atpworldtour.com/en/players/albert-ramos-vinolas/r772/overview,ESP,
,,,30 (1988.01.17)
,,,2007
,,,177lbs(80kg)
,,,"6'2""(188cm)"
,,,"Barcelona, Spain"
,,,"Mataro, Spain"
,,,"Left-Handed, Two-Handed Backhand"
,,,"Jose Maria Diaz, Noe Losmozos, Juan M. Ros"
Ryan Harrison,https://www.atpworldtour.com/en/players/ryan-harrison/h940/overview,53,
Ryan Harrison,https://www.atpworldtour.com/en/players/ryan-harrison/h940/overview,USA,
,,,26 (1992.05.07)
,,,2007
,,,185lbs(84kg)
,,,"6'1""(185cm)"
,,,"Shreveport, LA, USA"
,,,"Austin, TX, USA"
,,,"Right-Handed, Two-Handed Backhand"
,,,Davide Sanguinetti
Matthew Ebden,https://www.atpworldtour.com/en/players/matthew-ebden/e690/overview,54,
Matthew Ebden,https://www.atpworldtour.com/en/players/matthew-ebden/e690/overview,AUS,
,,,30 (1987.11.26)
,,,2006
,,,176lbs(80kg)
,,,"6'2""(188cm)"
,,,"Durban, South Africa"
,,,"Perth, Australia"
,,,"Right-Handed, Two-Handed Backhand"
,,,Liam Smith
John Millman,https://www.atpworldtour.com/en/players/john-millman/mh30/overview,55,
John Millman,https://www.atpworldtour.com/en/players/john-millman/mh30/overview,AUS,
,,,29 (1989.06.14)
,,,2006
,,,175lbs(79kg)
,,,"6'0""(183cm)"
,,,"Brisbane, Australia"
,,,"Brisbane, Australia"
,,,"Right-Handed, Two-Handed Backhand"
,,,Mark Draper
Benoit Paire,https://www.atpworldtour.com/en/players/benoit-paire/pd31/overview,56,
Benoit Paire,https://www.atpworldtour.com/en/players/benoit-paire/pd31/overview,FRA,
,,,29 (1989.05.08)
,,,2007
,,,176lbs(80kg)
,,,"6'5""(196cm)"
,,,"Avignon, France"
,,,"Geneva, Switzerland"
,,,"Right-Handed, Two-Handed Backhand"
,,,Jean-Charles Diame
Matteo Berrettini,https://www.atpworldtour.com/en/players/matteo-berrettini/bk40/overview,57,
Matteo Berrettini,https://www.atpworldtour.com/en/players/matteo-berrettini/bk40/overview,ITA,
,,,22 (1996.04.12)
,,,2015
,,,198lbs(90kg)
,,,"6'5""(196cm)"
,,,"Rome, Italy"
,,,"Rome, Italy"
,,,"Right-Handed, Two-Handed Backhand"
,,,"Vincenzo Santopadre, Umberto Rianna"
Jan-Lennard Struff,https://www.atpworldtour.com/en/players/jan-lennard-struff/sl28/overview,58,
Jan-Lennard Struff,https://www.atpworldtour.com/en/players/jan-lennard-struff/sl28/overview,GER,
,,,28 (1990.04.25)
,,,2009
,,,192lbs(87kg)
,,,"6'5""(196cm)"
,,,"Warstein, Germany"
,,,"Warstein, Germany"
,,,"Right-Handed, Two-Handed Backhand"
,,,Carsten Arriens
Malek Jaziri,https://www.atpworldtour.com/en/players/malek-jaziri/j267/overview,59,
Malek Jaziri,https://www.atpworldtour.com/en/players/malek-jaziri/j267/overview,TUN,
,,,34 (1984.01.20)
,,,2003
,,,179lbs(81kg)
,,,"6'1""(185cm)"
,,,"Bizerte, Tunisia"
,,,"Tunis, Tunisia"
,,,"Right-Handed, Two-Handed Backhand"
,,,Christophe Freyss
Julien Benneteau,https://www.atpworldtour.com/en/players/julien-benneteau/b747/overview,60,
Julien Benneteau,https://www.atpworldtour.com/en/players/julien-benneteau/b747/overview,FRA,
,,,36 (1981.12.20)
,,,2000
,,,174lbs(79kg)
,,,"6'1""(185cm)"
,,,"Bourg-en-Bresse, France"
,,,"Boulogne-Billancourt, France"
,,,"Right-Handed, Two-Handed Backhand"
,,,Antoine Benneteau
Tennys Sandgren,https://www.atpworldtour.com/en/players/tennys-sandgren/sl08/overview,61,
Tennys Sandgren,https://www.atpworldtour.com/en/players/tennys-sandgren/sl08/overview,USA,
,,,27 (1991.07.22)
,,,2011
,,,192lbs(87kg)
,,,"6'2""(188cm)"
,,,"Gallatin, TN, USA"
,,,"Gallatin, TN, USA"
,,,"Right-Handed, Two-Handed Backhand"
,,,Jim Madrigal
Dusan Lajovic,https://www.atpworldtour.com/en/players/dusan-lajovic/l987/overview,62,
Dusan Lajovic,https://www.atpworldtour.com/en/players/dusan-lajovic/l987/overview,SRB,
,,,28 (1990.06.30)
,,,2007
,,,183lbs(83kg)
,,,"6'0""(183cm)"
,,,"Belgrade, Serbia"
,,,"Stara Pazova, Serbia"
,,,"Right-Handed, One-Handed Backhand"
,,,Jose Perlas
Feliciano Lopez,https://www.atpworldtour.com/en/players/feliciano-lopez/l397/overview,63,
Feliciano Lopez,https://www.atpworldtour.com/en/players/feliciano-lopez/l397/overview,ESP,
,,,36 (1981.09.20)
,,,1997
,,,194lbs(88kg)
,,,"6'2""(188cm)"
,,,"Toledo, Spain"
,,,"Madrid, Spain"
,,,"Left-Handed, One-Handed Backhand"
,,,Jose “Pepo” Clavet
Taro Daniel,https://www.atpworldtour.com/en/players/taro-daniel/da81/overview,64,
Taro Daniel,https://www.atpworldtour.com/en/players/taro-daniel/da81/overview,JPN,
,,,25 (1993.01.27)
,,,2010
,,,168lbs(76kg)
,,,"6'3""(191cm)"
,,,"New York, NY, USA"
,,,"Bradenton, FL, USA"
,,,"Right-Handed, Two-Handed Backhand"
,,,Mitsuru Takada
Jo-Wilfried Tsonga,https://www.atpworldtour.com/en/players/jo-wilfried-tsonga/t786/overview,65,
Jo-Wilfried Tsonga,https://www.atpworldtour.com/en/players/jo-wilfried-tsonga/t786/overview,FRA,
,,,33 (1985.04.17)
,,,2004
,,,200lbs(91kg)
,,,"6'2""(188cm)"
,,,"Le Mans, France"
,,,"Gingins, Switzerland"
,,,"Right-Handed, Two-Handed Backhand"
,,,Thierry Ascione
Guido Pella,https://www.atpworldtour.com/en/players/guido-pella/pc11/overview,66,
Guido Pella,https://www.atpworldtour.com/en/players/guido-pella/pc11/overview,ARG,
,,,28 (1990.05.17)
,,,2007
,,,183lbs(83kg)
,,,"6'1""(185cm)"
,,,"Bahia Blanca, Argentina"
,,,"Buenos Aires, Argentina"
,,,"Left-Handed, Two-Handed Backhand"
,,,Gustavo Marcaccio
Cameron Norrie,https://www.atpworldtour.com/en/players/cameron-norrie/n771/overview,67,
Cameron Norrie,https://www.atpworldtour.com/en/players/cameron-norrie/n771/overview,GBR,
,,,23 (1995.08.23)
,,,2017
,,,180lbs(82kg)
,,,"6'2""(188cm)"
,,,"Johannesburg, South Africa"
,,,"London, England"
,,,"Left-Handed, Two-Handed Backhand"
,,,Facundo Lugones
Joao Sousa,https://www.atpworldtour.com/en/players/joao-sousa/sh90/overview,68,
Joao Sousa,https://www.atpworldtour.com/en/players/joao-sousa/sh90/overview,POR,
,,,29 (1989.03.30)
,,,2008
,,,163lbs(74kg)
,,,"6'1""(185cm)"
,,,"Guimaraes, Portugal"
,,,"Barcelona, Spain"
,,,"Right-Handed, Two-Handed Backhand"
,,,Frederico Marques
Pablo Cuevas,https://www.atpworldtour.com/en/players/pablo-cuevas/c882/overview,69,
Pablo Cuevas,https://www.atpworldtour.com/en/players/pablo-cuevas/c882/overview,URU,
,,,32 (1986.01.01)
,,,2004
,,,176lbs(80kg)
,,,"5'11""(180cm)"
,,,"Concordia, Argentina"
,,,"Salto, Uruguay"
,,,"Right-Handed, One-Handed Backhand"
,,,"Alberto Mancini, Facundo Savio"
Tomas Berdych,https://www.atpworldtour.com/en/players/tomas-berdych/ba47/overview,70,
Tomas Berdych,https://www.atpworldtour.com/en/players/tomas-berdych/ba47/overview,CZE,
,,,32 (1985.09.17)
,,,2002
,,,200lbs(91kg)
,,,"6'5""(196cm)"
,,,"Valasske Mezirici, CZE"
,,,"Monte Carlo, Monaco"
,,,"Right-Handed, Two-Handed Backhand"
,,,Martin Stepanek
Martin Klizan,https://www.atpworldtour.com/en/players/martin-klizan/k966/overview,71,
Martin Klizan,https://www.atpworldtour.com/en/players/martin-klizan/k966/overview,SVK,
,,,29 (1989.07.11)
,,,2007
,,,187lbs(85kg)
,,,"6'3""(191cm)"
,,,"Bratislava, Slovakia"
,,,"Bratislava, Slovakia"
,,,"Left-Handed, Two-Handed Backhand"
,,,Dominik Hrbaty
Denis Kudla,https://www.atpworldtour.com/en/players/denis-kudla/kb09/overview,72,
Denis Kudla,https://www.atpworldtour.com/en/players/denis-kudla/kb09/overview,USA,
,,,26 (1992.08.17)
,,,2010
,,,175lbs(79kg)
,,,"5'11""(180cm)"
,,,"Kiev, Ukraine"
,,,"Arlington, VA, USA"
,,,"Right-Handed, Two-Handed Backhand"
,,,Dustin Taylor
Guillermo Garcia-Lopez,https://www.atpworldtour.com/en/players/guillermo-garcia-lopez/g476/overview,73,
Guillermo Garcia-Lopez,https://www.atpworldtour.com/en/players/guillermo-garcia-lopez/g476/overview,ESP,
,,,35 (1983.06.04)
,,,2002
,,,176lbs(80kg)
,,,"6'1""(185cm)"
,,,"La Roda (Albacete), Spain"
,,,"La Roda (Albacete), Spain"
,,,"Right-Handed, One-Handed Backhand"
,,,Jose Luis Aparisi
Taylor Fritz,https://www.atpworldtour.com/en/players/taylor-fritz/fb98/overview,74,
Taylor Fritz,https://www.atpworldtour.com/en/players/taylor-fritz/fb98/overview,USA,
,,,20 (1997.10.28)
,,,2015
,,,190lbs(86kg)
,,,"6'4""(193cm)"
,,,"Rancho Santa Fe, CA, USA"
,,,"Palos Verdes, CA, USA"
,,,"Right-Handed, Two-Handed Backhand"
,,,"Paul Annacone, David Nainkin"
Pierre-Hugues Herbert,https://www.atpworldtour.com/en/players/pierre-hugues-herbert/h996/overview,75,
Pierre-Hugues Herbert,https://www.atpworldtour.com/en/players/pierre-hugues-herbert/h996/overview,FRA,
,,,27 (1991.03.18)
,,,2010
,,,165lbs(75kg)
,,,"6'2""(188cm)"
,,,"Schiltigheim, France"
,,,"Delemont, Switzerland"
,,,"Right-Handed, Two-Handed Backhand"
,,,"Fabrice Santoro, Benjamin Balleret, Jean Roch Herbert"
Denis Istomin,https://www.atpworldtour.com/en/players/denis-istomin/i165/overview,76,
Denis Istomin,https://www.atpworldtour.com/en/players/denis-istomin/i165/overview,UZB,
,,,31 (1986.09.07)
,,,2004
,,,194lbs(88kg)
,,,"6'2""(188cm)"
,,,"Orenburg, Russia"
,,,"Tashkent, Uzbekistan"
,,,"Right-Handed, Two-Handed Backhand"
,,,Klaudiya Istomina
Lukas Lacko,https://www.atpworldtour.com/en/players/lukas-lacko/l797/overview,77,
Lukas Lacko,https://www.atpworldtour.com/en/players/lukas-lacko/l797/overview,SVK,
,,,30 (1987.11.03)
,,,2005
,,,192lbs(87kg)
,,,"6'2""(188cm)"
,,,"Piestany, Slovakia"
,,,"Bratislava, Slovakia"
,,,"Right-Handed, Two-Handed Backhand"
,,,Filip Havaj
Aljaz Bedene,https://www.atpworldtour.com/en/players/aljaz-bedene/bh09/overview,78,
Aljaz Bedene,https://www.atpworldtour.com/en/players/aljaz-bedene/bh09/overview,SLO,
,,,29 (1989.07.18)
,,,2008
,,,161lbs(73kg)
,,,"6'0""(183cm)"
,,,"Ljubljana, Slovenia"
,,,"London, England"
,,,"Right-Handed, Two-Handed Backhand"
,,,Nick Cavaday
Mackenzie McDonald,https://www.atpworldtour.com/en/players/mackenzie-mcdonald/mk66/overview,79,
Mackenzie McDonald,https://www.atpworldtour.com/en/players/mackenzie-mcdonald/mk66/overview,USA,
,,,23 (1995.04.16)
,,,2016
,,,160lbs(73kg)
,,,"5'10""(178cm)"
,,,"Piedmont, CA, USA"
,,,"Orlando, FL, USA"
,,,"Right-Handed, Two-Handed Backhand"
,,,Mat Cloer
Evgeny Donskoy,https://www.atpworldtour.com/en/players/evgeny-donskoy/d864/overview,80,
Evgeny Donskoy,https://www.atpworldtour.com/en/players/evgeny-donskoy/d864/overview,RUS,
,,,28 (1990.05.09)
,,,2007
,,,165lbs(75kg)
,,,"6'1""(185cm)"
,,,"Moscow, Russia"
,,,"Moscow, Russia"
,,,"Right-Handed, Two-Handed Backhand"
,,,Boris Sobkin
Mirza Basic,https://www.atpworldtour.com/en/players/mirza-basic/be67/overview,81,
Mirza Basic,https://www.atpworldtour.com/en/players/mirza-basic/be67/overview,BIH,
,,,27 (1991.07.12)
,,,2012
,,,194lbs(88kg)
,,,"6'2""(188cm)"
,,,"Sarajevo, Bosnia-Herzegovina"
,,,"Sarajevo, Bosnia-Herzegovina"
,,,"Right-Handed, Two-Handed Backhand"
,,,"Damir Basic, Daniel Meyers"
Marius Copil,https://www.atpworldtour.com/en/players/marius-copil/ca99/overview,82,
Marius Copil,https://www.atpworldtour.com/en/players/marius-copil/ca99/overview,ROU,
,,,27 (1990.10.17)
,,,2008
,,,189lbs(86kg)
,,,"6'3""(191cm)"
,,,"Arad, Romania"
,,,"Arad, Romania"
,,,"Right-Handed, One-Handed Backhand"
,,,Andrei Pavel
Jozef Kovalik,https://www.atpworldtour.com/en/players/jozef-kovalik/kc04/overview,83,
Jozef Kovalik,https://www.atpworldtour.com/en/players/jozef-kovalik/kc04/overview,SVK,
,,,25 (1992.11.04)
,,,181lbs(82kg)
,,,"6'0""(183cm)"
,,,"Bratislava, Slovakia"
,,,"Bratislava, Slovakia"
,,,"Right-Handed, Two-Handed Backhand"
,,,Boris Borgula
Mikhail Kukushkin,https://www.atpworldtour.com/en/players/mikhail-kukushkin/k926/overview,84,
Mikhail Kukushkin,https://www.atpworldtour.com/en/players/mikhail-kukushkin/k926/overview,KAZ,
,,,30 (1987.12.26)
,,,2006
,,,159lbs(72kg)
,,,"6'0""(183cm)"
,,,"Volgograd, Russia"
,,,"Astana, Kazakhstan"
,,,"Right-Handed, Two-Handed Backhand"
Jaume Munar,https://www.atpworldtour.com/en/players/jaume-munar/mu94/overview,85,
Jaume Munar,https://www.atpworldtour.com/en/players/jaume-munar/mu94/overview,ESP,
,,,21 (1997.05.05)
,,,2014
,,,171lbs(78kg)
,,,"5'11""(180cm)"
,,,"Santanyi, Mallorca, Spain"
,,,"Santanyi, Mallorca, Spain"
,,,"Right-Handed, Two-Handed Backhand"
,,,Rafa Nadal Academy
Alexandr Dolgopolov,https://www.atpworldtour.com/en/players/alexandr-dolgopolov/d801/overview,86,
Alexandr Dolgopolov,https://www.atpworldtour.com/en/players/alexandr-dolgopolov/d801/overview,UKR,
,,,29 (1988.11.07)
,,,2006
,,,157lbs(71kg)
,,,"5'11""(180cm)"
,,,"Kiev, Ukraine"
,,,"Monte Carlo, Monaco"
,,,"Right-Handed, Two-Handed Backhand"
,,,Stas Khmarskiy
Jiri Vesely,https://www.atpworldtour.com/en/players/jiri-vesely/v708/overview,87,
Jiri Vesely,https://www.atpworldtour.com/en/players/jiri-vesely/v708/overview,CZE,
,,,25 (1993.07.10)
,,,2009
,,,207lbs(94kg)
,,,"6'6""(198cm)"
,,,"Pribram, Czech Republic"
,,,"Ras Al Khaimah, UAE"
,,,"Left-Handed, Two-Handed Backhand"
,,,Theodor Devoty
Vasek Pospisil,https://www.atpworldtour.com/en/players/vasek-pospisil/pd07/overview,88,
Vasek Pospisil,https://www.atpworldtour.com/en/players/vasek-pospisil/pd07/overview,CAN,
,,,28 (1990.06.23)
,,,2007
,,,194lbs(88kg)
,,,"6'4""(193cm)"
,,,"Vernon, Canada"
,,,"Freeport, Bahamas"
,,,"Right-Handed, Two-Handed Backhand"
,,,"Dirk Hordorff, Rainer Schuettler"
Laslo Djere,https://www.atpworldtour.com/en/players/laslo-djere/db63/overview,89,
Laslo Djere,https://www.atpworldtour.com/en/players/laslo-djere/db63/overview,SRB,
,,,23 (1995.06.02)
,,,2013
,,,176lbs(80kg)
,,,"6'1""(185cm)"
,,,"Senta, Serbia"
,,,"Senta, Serbia"
,,,"Right-Handed, Two-Handed Backhand"
,,,Dejan Petrovic
Jared Donaldson,https://www.atpworldtour.com/en/players/jared-donaldson/dc58/overview,90,
Jared Donaldson,https://www.atpworldtour.com/en/players/jared-donaldson/dc58/overview,USA,
,,,21 (1996.10.09)
,,,2014
,,,165lbs(75kg)
,,,"6'2""(188cm)"
,,,"Providence, RI, USA"
,,,"Irvine, CA, USA"
,,,"Right-Handed, Two-Handed Backhand"
,,,Jan-Michael Gambill
Yuichi Sugita,https://www.atpworldtour.com/en/players/yuichi-sugita/se73/overview,91,
Yuichi Sugita,https://www.atpworldtour.com/en/players/yuichi-sugita/se73/overview,JPN,
,,,29 (1988.09.18)
,,,2006
,,,159lbs(72kg)
,,,"5'9""(175cm)"
,,,"Sendai, Japan"
,,,"Tokyo, Japan"
,,,"Right-Handed, Two-Handed Backhand"
,,,Braen Aneiros
Bradley Klahn,https://www.atpworldtour.com/en/players/bradley-klahn/ka98/overview,92,
Bradley Klahn,https://www.atpworldtour.com/en/players/bradley-klahn/ka98/overview,USA,
,,,28 (1990.08.20)
,,,2012
,,,165lbs(75kg)
,,,"6'0""(183cm)"
,,,"Poway, CA, USA"
,,,"Poway, CA, USA"
,,,"Left-Handed, Two-Handed Backhand"
,,,"Peter Lucassen, Christian Groh"
Marcos Baghdatis,https://www.atpworldtour.com/en/players/marcos-baghdatis/b837/overview,93,
Marcos Baghdatis,https://www.atpworldtour.com/en/players/marcos-baghdatis/b837/overview,CYP,
,,,33 (1985.06.17)
,,,2003
,,,181lbs(82kg)
,,,"5'10""(178cm)"
,,,"Limassol, Cyprus"
,,,"Limassol, Cyprus"
,,,"Right-Handed, Two-Handed Backhand"
,,,Juan Spina
Paolo Lorenzi,https://www.atpworldtour.com/en/players/paolo-lorenzi/l503/overview,94,
Paolo Lorenzi,https://www.atpworldtour.com/en/players/paolo-lorenzi/l503/overview,ITA,
,,,36 (1981.12.15)
,,,2003
,,,169lbs(77kg)
,,,"6'0""(183cm)"
,,,"Rome, Italy"
,,,"Sarasota, FL, USA"
,,,"Right-Handed, Two-Handed Backhand"
,,,"Walter Grinovero, Martin Rodriguez"
Radu Albot,https://www.atpworldtour.com/en/players/radu-albot/a829/overview,95,
Radu Albot,https://www.atpworldtour.com/en/players/radu-albot/a829/overview,MDA,
,,,28 (1989.11.11)
,,,2008
,,,152lbs(69kg)
,,,"5'9""(175cm)"
,,,"Chisinau, Moldova"
,,,"Chisinau, Moldova"
,,,"Right-Handed, Two-Handed Backhand"
,,,Liam Smith
Yuki Bhambri,https://www.atpworldtour.com/en/players/yuki-bhambri/bf55/overview,96,
Yuki Bhambri,https://www.atpworldtour.com/en/players/yuki-bhambri/bf55/overview,IND,
,,,26 (1992.07.04)
,,,2008
,,,170lbs(77kg)
,,,"6'0""(183cm)"
,,,"New Delhi, India"
,,,"New Delhi, India"
,,,"Right-Handed, Two-Handed Backhand"
,,,"Aditya Sachdeva, Stephen Koon"
Roberto Carballes Baena,https://www.atpworldtour.com/en/players/roberto-carballes-baena/cf59/overview,97,
Roberto Carballes Baena,https://www.atpworldtour.com/en/players/roberto-carballes-baena/cf59/overview,ESP,
,,,25 (1993.03.23)
,,,2011
,,,167lbs(76kg)
,,,"5'11""(180cm)"
,,,"Tenerife, Spain"
,,,"Granada, Spain"
,,,"Right-Handed, Two-Handed Backhand"
,,,Miguel Sanchez
Jason Kubler,https://www.atpworldtour.com/en/players/jason-kubler/kb95/overview,98,
Jason Kubler,https://www.atpworldtour.com/en/players/jason-kubler/kb95/overview,AUS,
,,,25 (1993.05.19)
,,,2011
,,,163lbs(74kg)
,,,"5'10""(178cm)"
,,,"Brisbane, Australia"
,,,"Brisbane, Australia"
,,,"Right-Handed, Two-Handed Backhand"
,,,Desmond Tyson
Ilya Ivashka,https://www.atpworldtour.com/en/players/ilya-ivashka/i305/overview,99,
Ilya Ivashka,https://www.atpworldtour.com/en/players/ilya-ivashka/i305/overview,BLR,
,,,24 (1994.02.24)
,,,2013
,,,184lbs(83kg)
,,,"6'3""(191cm)"
,,,"Minsk, Belarus"
,,,"Minsk, Belarus"
,,,"Right-Handed, Two-Handed Backhand"
,,,Jose Checa-Calvo
Jurgen Zopp,https://www.atpworldtour.com/en/players/jurgen-zopp/z254/overview,100,
Jurgen Zopp,https://www.atpworldtour.com/en/players/jurgen-zopp/z254/overview,EST,
,,,30 (1988.03.29)
,,,2008
,,,194lbs(88kg)
,,,"6'3""(191cm)"
,,,"Tallinn, Estonia"
,,,"Tallinn, Estonia"
,,,"Right-Handed, Two-Handed Backhand"
,,,Kim Tiilikainen
Stan Wawrinka,https://www.atpworldtour.com/en/players/stan-wawrinka/w367/overview,101,
Stan Wawrinka,https://www.atpworldtour.com/en/players/stan-wawrinka/w367/overview,SUI,
,,,33 (1985.03.28)
,,,2002
,,,179lbs(81kg)
,,,"6'0""(183cm)"
,,,"Lausanne, Switzerland"
,,,"Monte Carlo, Monaco"
,,,"Right-Handed, One-Handed Backhand"
,,,Magnus Norman
Viktor Troicki,https://www.atpworldtour.com/en/players/viktor-troicki/t840/overview,102,
Viktor Troicki,https://www.atpworldtour.com/en/players/viktor-troicki/t840/overview,SRB,
,,,32 (1986.02.10)
,,,2006
,,,189lbs(86kg)
,,,"6'4""(193cm)"
,,,"Belgrade, Serbia"
,,,"Monte Carlo, Monaco"
,,,"Right-Handed, Two-Handed Backhand"
,,,Boris Pashanski
Tim Smyczek,https://www.atpworldtour.com/en/players/tim-smyczek/sf62/overview,103,
Tim Smyczek,https://www.atpworldtour.com/en/players/tim-smyczek/sf62/overview,USA,
,,,30 (1987.12.30)
,,,2006
,,,160lbs(73kg)
,,,"5'9""(175cm)"
,,,"Milwaukee, WI, USA"
,,,"Dallas, TX, USA"
,,,"Right-Handed, Two-Handed Backhand"
,,,Dustin Taylor
Ricardas Berankis,https://www.atpworldtour.com/en/players/ricardas-berankis/be90/overview,104,
Ricardas Berankis,https://www.atpworldtour.com/en/players/ricardas-berankis/be90/overview,LTU,
,,,28 (1990.06.21)
,,,2007
,,,170lbs(77kg)
,,,"5'9""(175cm)"
,,,"Vilnius, Lithuania"
,,,"Vilnius, Lithuania"
,,,"Right-Handed, Two-Handed Backhand"
,,,Jan Stoces
Hugo Dellien,https://www.atpworldtour.com/en/players/hugo-dellien/da31/overview,105,
Hugo Dellien,https://www.atpworldtour.com/en/players/hugo-dellien/da31/overview,BOL,
,,,25 (1993.06.16)
,,,165lbs(75kg)
,,,"5'10""(178cm)"
,,,Trinidad
,,,"Trinidad, Beni, Bolivia"
,,,"Right-Handed, Two-Handed Backhand"
Mikhail Youzhny,https://www.atpworldtour.com/en/players/mikhail-youzhny/y061/overview,106,
Mikhail Youzhny,https://www.atpworldtour.com/en/players/mikhail-youzhny/y061/overview,RUS,
,,,36 (1982.06.25)
,,,1999
,,,160lbs(73kg)
,,,"6'0""(183cm)"
,,,"Moscow, Russia"
,,,"Moscow, Russia"
,,,"Right-Handed, One-Handed Backhand"
,,,Boris Sobkin
Marcel Granollers,https://www.atpworldtour.com/en/players/marcel-granollers/g710/overview,107,
Marcel Granollers,https://www.atpworldtour.com/en/players/marcel-granollers/g710/overview,ESP,
,,,32 (1986.04.12)
,,,2003
,,,169lbs(77kg)
,,,"6'3""(191cm)"
,,,"Barcelona, Spain"
,,,"Barcelona, Spain"
,,,"Right-Handed, Two-Handed Backhand"
,,,Juan Balcells
Jordan Thompson,https://www.atpworldtour.com/en/players/jordan-thompson/tc61/overview,108,
Jordan Thompson,https://www.atpworldtour.com/en/players/jordan-thompson/tc61/overview,AUS,
,,,24 (1994.04.20)
,,,2013
,,,181lbs(82kg)
,,,"6'0""(183cm)"
,,,"Sydney, Australia"
,,,"Sydney, Australia"
,,,"Right-Handed, Two-Handed Backhand"
,,,Desmond Tyson
Hubert Hurkacz,https://www.atpworldtour.com/en/players/hubert-hurkacz/hb71/overview,109,
Hubert Hurkacz,https://www.atpworldtour.com/en/players/hubert-hurkacz/hb71/overview,POL,
,,,21 (1997.02.11)
,,,2015
,,,179lbs(81kg)
,,,"6'5""(196cm)"
,,,"Wroclaw, Poland"
,,,"Wroclaw, Poland"
,,,"Right-Handed, Two-Handed Backhand"
Thomas Fabbiano,https://www.atpworldtour.com/en/players/thomas-fabbiano/f586/overview,110,
Thomas Fabbiano,https://www.atpworldtour.com/en/players/thomas-fabbiano/f586/overview,ITA,
,,,29 (1989.05.26)
,,,2005
,,,152lbs(69kg)
,,,"5'8""(173cm)"
,,,"Grottaglie, Italy"
,,,"San Giorgio Jonico, Italy"
,,,"Right-Handed, Two-Handed Backhand"
,,,Fabio Gorietti and Federico Torresi
Federico Delbonis,https://www.atpworldtour.com/en/players/federico-delbonis/d874/overview,111,
Federico Delbonis,https://www.atpworldtour.com/en/players/federico-delbonis/d874/overview,ARG,
,,,27 (1990.10.05)
,,,2007
,,,194lbs(88kg)
,,,"6'3""(191cm)"
,,,"Azul, Argentina"
,,,"Azul, Argentina"
,,,"Left-Handed, Two-Handed Backhand"
,,,Gustavo Tavernini
Corentin Moutet,https://www.atpworldtour.com/en/players/corentin-moutet/mw02/overview,112,
Corentin Moutet,https://www.atpworldtour.com/en/players/corentin-moutet/mw02/overview,FRA,
,,,19 (1999.04.19)
,,,2016
,,,150lbs(68kg)
,,,"5'9""(175cm)"
,,,"Paris, France"
,,,"Boulogne-Billancourt, France"
,,,"Left-Handed, Two-Handed Backhand"
,,,Laurent Raymond
Guido Andreozzi,https://www.atpworldtour.com/en/players/guido-andreozzi/a887/overview,113,
Guido Andreozzi,https://www.atpworldtour.com/en/players/guido-andreozzi/a887/overview,ARG,
,,,27 (1991.08.05)
,,,2010
,,,170lbs(77kg)
,,,"6'0""(183cm)"
,,,"Buenos Aires, Argentina"
,,,"Buenos Aires, Argentina"
,,,"Right-Handed, Two-Handed Backhand"
,,,Mariano Hood
Adrian Menendez-Maceiras,https://www.atpworldtour.com/en/players/adrian-menendez-maceiras/mb53/overview,114,
Adrian Menendez-Maceiras,https://www.atpworldtour.com/en/players/adrian-menendez-maceiras/mb53/overview,ESP,
,,,32 (1985.10.28)
,,,2005
,,,165lbs(75kg)
,,,"6'0""(183cm)"
,,,"Marbella, Spain"
,,,"Marbella, Spain"
,,,"Right-Handed, Two-Handed Backhand"
Jason Jung,https://www.atpworldtour.com/en/players/jason-jung/j380/overview,115,
Jason Jung,https://www.atpworldtour.com/en/players/jason-jung/j380/overview,TPE,
,,,29 (1989.06.15)
,,,2011
,,,152lbs(69kg)
,,,"5'11""(180cm)"
,,,"Torrance, CA, USA"
,,,"Torrance, CA, USA"
,,,"Right-Handed, Two-Handed Backhand"
,,,Oliver Messerli
Pedro Sousa,https://www.atpworldtour.com/en/players/pedro-sousa/s483/overview,116,
Pedro Sousa,https://www.atpworldtour.com/en/players/pedro-sousa/s483/overview,POR,
,,,30 (1988.05.27)
,,,2007
,,,154lbs(70kg)
,,,"5'10""(178cm)"
,,,"Lisbon, Portugal"
,,,"Lisbon, Portugal"
,,,"Right-Handed, Two-Handed Backhand"
,,,Rui Machado
Felix Auger-Aliassime,https://www.atpworldtour.com/en/players/felix-auger-aliassime/ag37/overview,117,
Felix Auger-Aliassime,https://www.atpworldtour.com/en/players/felix-auger-aliassime/ag37/overview,CAN,
,,,18 (2000.08.08)
,,,2017
,,,185lbs(84kg)
,,,"6'3""(191cm)"
,,,"Montreal, Canada"
,,,"Montreal, Canada"
,,,"Right-Handed, Two-Handed Backhand"
,,,"Guillaume Marx, Frederic Fontang"
Thiago Monteiro,https://www.atpworldtour.com/en/players/thiago-monteiro/mj08/overview,118,
Thiago Monteiro,https://www.atpworldtour.com/en/players/thiago-monteiro/mj08/overview,BRA,
,,,24 (1994.05.31)
,,,2011
,,,172lbs(78kg)
,,,"6'0""(183cm)"
,,,"Fortaleza, Brazil"
,,,"Rio de Janeiro, Brazil"
,,,"Left-Handed, Two-Handed Backhand"
,,,Carlos Matos and Joao Zwetsch
Peter Polansky,https://www.atpworldtour.com/en/players/peter-polansky/pb22/overview,119,
Peter Polansky,https://www.atpworldtour.com/en/players/peter-polansky/pb22/overview,CAN,
,,,30 (1988.06.15)
,,,2007
,,,176lbs(80kg)
,,,"6'0""(183cm)"
,,,"Toronto, Canada"
,,,"Toronto, Canada"
,,,"Right-Handed, Two-Handed Backhand"
Michael Mmoh,https://www.atpworldtour.com/en/players/michael-mmoh/mp01/overview,120,
Michael Mmoh,https://www.atpworldtour.com/en/players/michael-mmoh/mp01/overview,USA,
,,,20 (1998.01.10)
,,,2016
,,,187lbs(85kg)
,,,"6'1""(185cm)"
,,,"Riyadh, Saudi Arabia"
,,,"Bradenton, FL, USA"
,,,"Right-Handed, Two-Handed Backhand"
,,,Alexander Waske
Lorenzo Sonego,https://www.atpworldtour.com/en/players/lorenzo-sonego/su87/overview,121,
Lorenzo Sonego,https://www.atpworldtour.com/en/players/lorenzo-sonego/su87/overview,ITA,
,,,23 (1995.05.11)
,,,2013
,,,168lbs(76kg)
,,,"6'3""(191cm)"
,,,"Turin, Italy"
,,,"Turin, Italy"
,,,"Right-Handed, Two-Handed Backhand"
,,,Gipo Arbino
Henri Laaksonen,https://www.atpworldtour.com/en/players/henri-laaksonen/l949/overview,122,
Henri Laaksonen,https://www.atpworldtour.com/en/players/henri-laaksonen/l949/overview,SUI,
,,,26 (1992.03.31)
,,,2009
,,,172lbs(78kg)
,,,"6'1""(185cm)"
,,,"Lohja, Finland"
,,,"Glattpark, Switzerland"
,,,"Right-Handed, Two-Handed Backhand"
,,,Ville Liukko
Juan Ignacio Londero,https://www.atpworldtour.com/en/players/juan-ignacio-londero/lb84/overview,123,
Juan Ignacio Londero,https://www.atpworldtour.com/en/players/juan-ignacio-londero/lb84/overview,ARG,
,,,25 (1993.08.15)
,,,2010
,,,154lbs(70kg)
,,,"5'11""(180cm)"
,,,"Jesus Maria, Argentina"
,,,"Buenos Aires, Argentina"
,,,"Right-Handed, Two-Handed Backhand"
,,,Andres Schneiter
Nicolas Kicker,https://www.atpworldtour.com/en/players/nicolas-kicker/kc29/overview,124,
Nicolas Kicker,https://www.atpworldtour.com/en/players/nicolas-kicker/kc29/overview,ARG,
,,,26 (1992.08.16)
,,,2009
,,,165lbs(75kg)
,,,"5'10""(178cm)"
,,,"Merlo, Argentina"
,,,"Merlo, Argentina"
,,,"Right-Handed, One-Handed Backhand"
,,,Juan Pablo Gandara
Yannick Maden,https://www.atpworldtour.com/en/players/yannick-maden/mh16/overview,125,
Yannick Maden,https://www.atpworldtour.com/en/players/yannick-maden/mh16/overview,GER,
,,,28 (1989.10.28)
,,,2013
,,,155lbs(70kg)
,,,"6'1""(185cm)"
,,,"Stuttgart, Germany"
,,,"Stuttgart, Germany"
,,,"Right-Handed, Two-Handed Backhand"
,,,"Fidi Beutel, Markus Wislsperger"
Pablo Andujar,https://www.atpworldtour.com/en/players/pablo-andujar/a596/overview,126,
Pablo Andujar,https://www.atpworldtour.com/en/players/pablo-andujar/a596/overview,ESP,
,,,32 (1986.01.23)
,,,2003
,,,167lbs(76kg)
,,,"5'11""(180cm)"
,,,"Cuenca, Spain"
,,,"Valencia, Spain"
,,,"Right-Handed, Two-Handed Backhand"
,,,Carlos Calderon
Gilles Muller,https://www.atpworldtour.com/en/players/gilles-muller/ma30/overview,127,
Gilles Muller,https://www.atpworldtour.com/en/players/gilles-muller/ma30/overview,LUX,
,,,35 (1983.05.09)
,,,2001
,,,196lbs(89kg)
,,,"6'4""(193cm)"
,,,"Luxembourg City, Luxembourg"
,,,"Reckange-sur-Mess, Luxembourg"
,,,"Left-Handed, Two-Handed Backhand"
,,,"Benjamin Balleret, Alexandre Lisiecki"
Ruben Bemelmans,https://www.atpworldtour.com/en/players/ruben-bemelmans/be54/overview,128,
Ruben Bemelmans,https://www.atpworldtour.com/en/players/ruben-bemelmans/be54/overview,BEL,
,,,30 (1988.01.14)
,,,2006
,,,165lbs(75kg)
,,,"6'0""(183cm)"
,,,"Genk, Belgium"
,,,"Maasmechelen, Belgium"
,,,"Left-Handed, Two-Handed Backhand"
,,,Fred Hemmes and Johan Van Herck
Yannick Hanfmann,https://www.atpworldtour.com/en/players/yannick-hanfmann/h997/overview,129,
Yannick Hanfmann,https://www.atpworldtour.com/en/players/yannick-hanfmann/h997/overview,GER,
,,,26 (1991.11.13)
,,,2015
,,,190lbs(86kg)
,,,"6'4""(193cm)"
,,,"Karlsruhe, Germany"
,,,"Munich, Germany"
,,,"Right-Handed, Two-Handed Backhand"
,,,Lars Uebel
Ernests Gulbis,https://www.atpworldtour.com/en/players/ernests-gulbis/g858/overview,130,
Ernests Gulbis,https://www.atpworldtour.com/en/players/ernests-gulbis/g858/overview,LAT,
,,,29 (1988.08.30)
,,,2004
,,,194lbs(88kg)
,,,"6'4""(193cm)"
,,,"Riga, Latvia"
,,,"Jurmala, Latvia"
,,,"Right-Handed, Two-Handed Backhand"
,,,Pjotrs Necajevs
Nicolas Mahut,https://www.atpworldtour.com/en/players/nicolas-mahut/m873/overview,131,
Nicolas Mahut,https://www.atpworldtour.com/en/players/nicolas-mahut/m873/overview,FRA,
,,,36 (1982.01.21)
,,,2000
,,,176lbs(80kg)
,,,"6'3""(191cm)"
,,,"Angers, France"
,,,"Boulogne-Billancourt, France"
,,,"Right-Handed, One-Handed Backhand"
,,,"Michael Llodra, Nicolas Copin"
Elias Ymer,https://www.atpworldtour.com/en/players/elias-ymer/y218/overview,132,
Elias Ymer,https://www.atpworldtour.com/en/players/elias-ymer/y218/overview,SWE,
,,,22 (1996.04.10)
,,,2014
,,,174lbs(79kg)
,,,"6'0""(183cm)"
,,,"Skara, Sweden"
,,,"Stockholm, Sweden"
,,,"Right-Handed, Two-Handed Backhand"
,,,Robin Soderling
Gerald Melzer,https://www.atpworldtour.com/en/players/gerald-melzer/mi43/overview,133,
Gerald Melzer,https://www.atpworldtour.com/en/players/gerald-melzer/mi43/overview,AUT,
,,,28 (1990.07.13)
,,,2007
,,,176lbs(80kg)
,,,"6'2""(188cm)"
,,,"Vienna, Austria"
,,,"Vienna, Austria"
,,,"Left-Handed, Two-Handed Backhand"
,,,Werner Eschauer and Roland Berger
Ramkumar Ramanathan,https://www.atpworldtour.com/en/players/ramkumar-ramanathan/rb56/overview,134,
Ramkumar Ramanathan,https://www.atpworldtour.com/en/players/ramkumar-ramanathan/rb56/overview,IND,
,,,23 (1994.11.08)
,,,169lbs(77kg)
,,,"6'2""(188cm)"
,,,"Chennai, India"
,,,"Barcelona, ESP & Chennai, IND"
,,,"Right-Handed, Two-Handed Backhand"
,,,"Juan Balcells, Sergio Casal and Emilio Sanchez"
Noah Rubin,https://www.atpworldtour.com/en/players/noah-rubin/rc96/overview,135,
Noah Rubin,https://www.atpworldtour.com/en/players/noah-rubin/rc96/overview,USA,
,,,22 (1996.02.21)
,,,2015
,,,150lbs(68kg)
,,,"5'9""(175cm)"
,,,"Long Island, NY, USA"
,,,"Long Island, NY, USA"
,,,"Right-Handed, Two-Handed Backhand"
,,,Stanford Boster
Stephane Robert,https://www.atpworldtour.com/en/players/stephane-robert/r612/overview,136,
Stephane Robert,https://www.atpworldtour.com/en/players/stephane-robert/r612/overview,FRA,
,,,38 (1980.05.17)
,,,2001
,,,170lbs(77kg)
,,,"6'1""(185cm)"
,,,"Montargis, France"
,,,"Valletta, Malta"
,,,"Right-Handed, Two-Handed Backhand"
,,,Ronan Lafaix
Ivo Karlovic,https://www.atpworldtour.com/en/players/ivo-karlovic/k336/overview,137,
Ivo Karlovic,https://www.atpworldtour.com/en/players/ivo-karlovic/k336/overview,CRO,
,,,39 (1979.02.28)
,,,2000
,,,230lbs(104kg)
,,,"6'11""(211cm)"
,,,"Zagreb, Croatia"
,,,Grand Bahama
,,,"Right-Handed, One-Handed Backhand"
,,,Mirko Pehar
Sergiy Stakhovsky,https://www.atpworldtour.com/en/players/sergiy-stakhovsky/sc77/overview,138,
Sergiy Stakhovsky,https://www.atpworldtour.com/en/players/sergiy-stakhovsky/sc77/overview,UKR,
,,,32 (1986.01.06)
,,,2003
,,,176lbs(80kg)
,,,"6'4""(193cm)"
,,,"Kiev, Ukraine"
,,,"Kharkov, Ukraine"
,,,"Right-Handed, One-Handed Backhand"
Ugo Humbert,https://www.atpworldtour.com/en/players/ugo-humbert/hh26/overview,139,
Ugo Humbert,https://www.atpworldtour.com/en/players/ugo-humbert/hh26/overview,FRA,
,,,20 (1998.06.26)
,,,2016
,,,157lbs(71kg)
,,,"6'2""(188cm)"
,,,"Metz, France"
,,,"Metz, France"
,,,"Left-Handed, Two-Handed Backhand"
,,,"Raynaud Cedric, Gilbert Rodolphe"
Dennis Novak,https://www.atpworldtour.com/en/players/dennis-novak/db59/overview,140,
Dennis Novak,https://www.atpworldtour.com/en/players/dennis-novak/db59/overview,AUT,
,,,25 (1993.08.28)
,,,2011
,,,176lbs(80kg)
,,,"6'0""(183cm)"
,,,"Wiener Neustadt, Austria"
,,,"Neufeld, Austria"
,,,"Right-Handed, Two-Handed Backhand"
,,,"Gunter Bresnik, Wolfgang Thiem"
Stefano Travaglia,https://www.atpworldtour.com/en/players/stefano-travaglia/ta12/overview,141,
Stefano Travaglia,https://www.atpworldtour.com/en/players/stefano-travaglia/ta12/overview,ITA,
,,,26 (1991.12.28)
,,,2008
,,,176lbs(80kg)
,,,"6'1""(185cm)"
,,,"Ascoli Piceno, Italy"
,,,"Foligno, Italy"
,,,"Right-Handed, Two-Handed Backhand"
,,,Federico Torresi
Marco Trungelliti,https://www.atpworldtour.com/en/players/marco-trungelliti/ta29/overview,142,
Marco Trungelliti,https://www.atpworldtour.com/en/players/marco-trungelliti/ta29/overview,ARG,
,,,28 (1990.01.31)
,,,2008
,,,172lbs(78kg)
,,,"5'11""(180cm)"
,,,"Santiago del Estero, Argentina"
,,,"Barcelona, Spain"
,,,"Right-Handed, Two-Handed Backhand"
,,,Albert Portas & German Puentes
Casper Ruud,https://www.atpworldtour.com/en/players/casper-ruud/rh16/overview,143,
Casper Ruud,https://www.atpworldtour.com/en/players/casper-ruud/rh16/overview,NOR,
,,,19 (1998.12.22)
,,,2015
,,,170lbs(77kg)
,,,"6'0""(183cm)"
,,,"Oslo, Norway"
,,,"Oslo, Norway"
,,,"Right-Handed, Two-Handed Backhand"
,,,Pedro Rico
Simone Bolelli,https://www.atpworldtour.com/en/players/simone-bolelli/ba98/overview,144,
Simone Bolelli,https://www.atpworldtour.com/en/players/simone-bolelli/ba98/overview,ITA,
,,,32 (1985.10.08)
,,,2003
,,,182lbs(83kg)
,,,"6'0""(183cm)"
,,,"Bologna, Italy"
,,,"Monte Carlo, Monaco"
,,,"Right-Handed, One-Handed Backhand"
,,,Eduardo Infantino
Lloyd Harris,https://www.atpworldtour.com/en/players/lloyd-harris/hg86/overview,145,
Lloyd Harris,https://www.atpworldtour.com/en/players/lloyd-harris/hg86/overview,RSA,
,,,21 (1997.02.24)
,,,2015
,,,176lbs(80kg)
,,,"6'5""(196cm)"
,,,"Cape Town, South Africa"
,,,"Cape Town, South Africa"
,,,"Right-Handed, Two-Handed Backhand"
,,,Anthony Harris
Marcelo Arevalo,https://www.atpworldtour.com/en/players/marcelo-arevalo/a853/overview,146,
Marcelo Arevalo,https://www.atpworldtour.com/en/players/marcelo-arevalo/a853/overview,ESA,
,,,27 (1990.10.17)
,,,2012
,,,190lbs(86kg)
,,,"6'3""(191cm)"
,,,"Sonsonate, El Salvador"
,,,"Sonsonate, El Salvador"
,,,"Right-Handed, Two-Handed Backhand"
,,,Rafael Arevalo & Jaime Cortes
Gastao Elias,https://www.atpworldtour.com/en/players/gastao-elias/e698/overview,147,
Gastao Elias,https://www.atpworldtour.com/en/players/gastao-elias/e698/overview,POR,
,,,27 (1990.11.24)
,,,2008
,,,168lbs(76kg)
,,,"6'0""(183cm)"
,,,"Lourinhã, Portugal"
,,,"Lourinhã, Portugal"
,,,"Right-Handed, Two-Handed Backhand"
,,,Rui Machado
David Ferrer,https://www.atpworldtour.com/en/players/david-ferrer/f401/overview,148,
David Ferrer,https://www.atpworldtour.com/en/players/david-ferrer/f401/overview,ESP,
,,,36 (1982.04.02)
,,,2000
,,,160lbs(73kg)
,,,"5'9""(175cm)"
,,,"Javea, Spain"
,,,"Valencia, Spain"
,,,"Right-Handed, Two-Handed Backhand"
,,,Francisco Fogues
Facundo Bagnis,https://www.atpworldtour.com/en/players/facundo-bagnis/bf23/overview,149,
Facundo Bagnis,https://www.atpworldtour.com/en/players/facundo-bagnis/bf23/overview,ARG,
,,,28 (1990.02.27)
,,,2008
,,,180lbs(82kg)
,,,"6'0""(183cm)"
,,,"Rosario, Argentina"
,,,"Buenos Aires, Argentina"
,,,"Left-Handed, Two-Handed Backhand"
,,,Javier Nalbandian
Rogerio Dutra Silva,https://www.atpworldtour.com/en/players/rogerio-dutra-silva/sc73/overview,150,
Rogerio Dutra Silva,https://www.atpworldtour.com/en/players/rogerio-dutra-silva/sc73/overview,BRA,
,,,34 (1984.02.05)
,,,2003
,,,161lbs(73kg)
,,,"5'10""(178cm)"
,,,"Sao Paulo, Brazil"
,,,"Santa Barbara d'Oeste, Brazil"
,,,"Right-Handed, One-Handed Backhand"
Horacio Zeballos,https://www.atpworldtour.com/en/players/horacio-zeballos/z184/overview,151,
Horacio Zeballos,https://www.atpworldtour.com/en/players/horacio-zeballos/z184/overview,ARG,
,,,33 (1985.04.27)
,,,2003
,,,183lbs(83kg)
,,,"6'2""(188cm)"
,,,"Mar del Plata, Argentina"
,,,"Buenos Aires, Argentina"
,,,"Left-Handed, One-Handed Backhand"
,,,Alejandro Lombardo
Bernard Tomic,https://www.atpworldtour.com/en/players/bernard-tomic/ta46/overview,152,
Bernard Tomic,https://www.atpworldtour.com/en/players/bernard-tomic/ta46/overview,AUS,
,,,25 (1992.10.21)
,,,2008
,,,201lbs(91kg)
,,,"6'5""(196cm)"
,,,"Stuttgart, Germany"
,,,"Monte Carlo, Monaco"
,,,"Right-Handed, Two-Handed Backhand"
,,,John Tomic
Gregoire Barrere,https://www.atpworldtour.com/en/players/gregoire-barrere/bk24/overview,153,
Gregoire Barrere,https://www.atpworldtour.com/en/players/gregoire-barrere/bk24/overview,FRA,
,,,24 (1994.02.16)
,,,2012
,,,183lbs(83kg)
,,,"6'0""(183cm)"
,,,"Charenton-le-Pont, France"
,,,Saint Maur Des Fosses
,,,"Right-Handed, Two-Handed Backhand"
,,,Mathieu Rodrigues and Marc Gicquel
Mats Moraing,https://www.atpworldtour.com/en/players/mats-moraing/mj71/overview,154,
Mats Moraing,https://www.atpworldtour.com/en/players/mats-moraing/mj71/overview,GER,
,,,26 (1992.06.20)
,,,2013
,,,185lbs(84kg)
,,,"6'6""(198cm)"
,,,"Mülheim an der Ruhr, Germany"
,,,"Mülheim an der Ruhr, Germany"
,,,"Left-Handed, Two-Handed Backhand"
,,,Peter Moraing
Daniel Gimeno-Traver,https://www.atpworldtour.com/en/players/daniel-gimeno-traver/g676/overview,155,
Daniel Gimeno-Traver,https://www.atpworldtour.com/en/players/daniel-gimeno-traver/g676/overview,ESP,
,,,33 (1985.08.07)
,,,2004
,,,176lbs(80kg)
,,,"6'0""(183cm)"
,,,"Valencia, Spain"
,,,"Nules, Castellon, Spain"
,,,"Right-Handed, Two-Handed Backhand"
,,,Jose Altur
Quentin Halys,https://www.atpworldtour.com/en/players/quentin-halys/hb64/overview,156,
Quentin Halys,https://www.atpworldtour.com/en/players/quentin-halys/hb64/overview,FRA,
,,,21 (1996.10.26)
,,,2012
,,,172lbs(78kg)
,,,"6'3""(191cm)"
,,,"Bondy, France"
,,,"Boulogne-Billancourt, France"
,,,"Right-Handed, Two-Handed Backhand"
,,,Olivier Ramos
Andrej Martin,https://www.atpworldtour.com/en/players/andrej-martin/mf35/overview,157,
Andrej Martin,https://www.atpworldtour.com/en/players/andrej-martin/mf35/overview,SVK,
,,,28 (1989.09.20)
,,,159lbs(72kg)
,,,"5'11""(180cm)"
,,,"Bratislava, Slovak Republic"
,,,"Bratislava, Slovak Republic"
,,,"Right-Handed, Unknown Backhand"
,,,Peter Miklusicak
Christian Garin,https://www.atpworldtour.com/en/players/christian-garin/gd64/overview,158,
Christian Garin,https://www.atpworldtour.com/en/players/christian-garin/gd64/overview,CHI,
,,,22 (1996.05.30)
,,,2011
,,,187lbs(85kg)
,,,"6'1""(185cm)"
,,,"Santiago, Chile"
,,,"Santiago, Chile"
,,,"Right-Handed, Two-Handed Backhand"
,,,Horacio Matta
Enrique Lopez Perez,https://www.atpworldtour.com/en/players/enrique-lopez-perez/la93/overview,156,
Enrique Lopez Perez,https://www.atpworldtour.com/en/players/enrique-lopez-perez/la93/overview,ESP,
,,,27 (1991.06.03)
,,,2009
,,,168lbs(76kg)
,,,"5'11""(180cm)"
,,,"Madrid, Spain"
,,,"Madrid, Spain"
,,,"Right-Handed, Two-Handed Backhand"
,,,Victor Recio Garcia
Prajnesh Gunneswaran,https://www.atpworldtour.com/en/players/prajnesh-gunneswaran/ga94/overview,160,
Prajnesh Gunneswaran,https://www.atpworldtour.com/en/players/prajnesh-gunneswaran/ga94/overview,IND,
,,,28 (1989.11.12)
,,,176lbs(80kg)
,,,"6'2""(188cm)"
,,,"Chennai, India"
,,,"Chennai, India"
,,,"Left-Handed, Two-Handed Backhand"
,,,Waske Tennis University (Bastian Suwanprateeep)
Alex Bolt,https://www.atpworldtour.com/en/players/alex-bolt/bi81/overview,161,
Alex Bolt,https://www.atpworldtour.com/en/players/alex-bolt/bi81/overview,AUS,
,,,25 (1993.01.05)
,,,2011
,,,185lbs(84kg)
,,,"6'0""(183cm)"
,,,"Murray Bridge, Australia"
,,,"Murray Bridge, Australia"
,,,"Left-Handed, Two-Handed Backhand"
,,,Craig Tyzzer
Sergio Gutierrez-Ferrol,https://www.atpworldtour.com/en/players/sergio-gutierrez-ferrol/g935/overview,162,
Sergio Gutierrez-Ferrol,https://www.atpworldtour.com/en/players/sergio-gutierrez-ferrol/g935/overview,ESP,
,,,29 (1989.03.05)
,,,"Right-Handed, Unknown Backhand"
Tatsuma Ito,https://www.atpworldtour.com/en/players/tatsuma-ito/i230/overview,163,
Tatsuma Ito,https://www.atpworldtour.com/en/players/tatsuma-ito/i230/overview,JPN,
,,,30 (1988.05.18)
,,,2006
,,,165lbs(75kg)
,,,"5'11""(180cm)"
,,,"Mie, Japan"
,,,"Tokyo, Japan"
,,,"Right-Handed, Two-Handed Backhand"
,,,Alexander Waske
Gianluigi Quinzi,https://www.atpworldtour.com/en/players/gianluigi-quinzi/q948/overview,164,
Gianluigi Quinzi,https://www.atpworldtour.com/en/players/gianluigi-quinzi/q948/overview,ITA,
,,,22 (1996.02.01)
,,,2010
,,,185lbs(84kg)
,,,"6'3""(191cm)"
,,,"Cittadella, Italy"
,,,"Bradenton Florida, USA"
,,,"Left-Handed, Two-Handed Backhand"
Dudi Sela,https://www.atpworldtour.com/en/players/dudi-sela/sc56/overview,165,
Dudi Sela,https://www.atpworldtour.com/en/players/dudi-sela/sc56/overview,ISR,
,,,33 (1985.04.04)
,,,2002
,,,144lbs(65kg)
,,,"5'9""(175cm)"
,,,"Kiryat Shmonna, Israel"
,,,"Tel Aviv, Israel"
,,,"Right-Handed, One-Handed Backhand"
,,,Yoav Ben Zvi
Luca Vanni,https://www.atpworldtour.com/en/players/luca-vanni/v495/overview,166,
Luca Vanni,https://www.atpworldtour.com/en/players/luca-vanni/v495/overview,ITA,
,,,33 (1985.06.04)
,,,207lbs(94kg)
,,,"6'6""(198cm)"
,,,"Castel del Piano, Italy"
,,,"Foiano della Chiana, Italy"
,,,"Right-Handed, Two-Handed Backhand"
,,,Fabio Gorietti
Attila Balazs,https://www.atpworldtour.com/en/players/attila-balazs/bd80/overview,167,
Attila Balazs,https://www.atpworldtour.com/en/players/attila-balazs/bd80/overview,HUN,
,,,29 (1988.09.27)
,,,172lbs(78kg)
,,,"5'11""(180cm)"
,,,"Budapest, Hungary"
,,,"Budapest, Hungary"
,,,"Right-Handed, Two-Handed Backhand"
,,,Arpad Morvai
Ze Zhang,https://www.atpworldtour.com/en/players/ze-zhang/z272/overview,168,
Ze Zhang,https://www.atpworldtour.com/en/players/ze-zhang/z272/overview,CHN,
,,,28 (1990.07.04)
,,,2008
,,,187lbs(85kg)
,,,"6'2""(188cm)"
,,,"Nanjing, China"
,,,"Nanjing, China"
,,,"Right-Handed, Two-Handed Backhand"
,,,Jiang Wei
Darian King,https://www.atpworldtour.com/en/players/darian-king/kc86/overview,169,
Darian King,https://www.atpworldtour.com/en/players/darian-king/kc86/overview,BAR,
,,,26 (1992.04.26)
,,,2010
,,,170lbs(77kg)
,,,"6'2""(188cm)"
,,,"Bridgetown, Barbados"
,,,"Bridgetown, Barbados"
,,,"Right-Handed, Two-Handed Backhand"
,,,Christopher King
Marc Polmans,https://www.atpworldtour.com/en/players/marc-polmans/pg94/overview,170,
Marc Polmans,https://www.atpworldtour.com/en/players/marc-polmans/pg94/overview,AUS,
,,,21 (1997.05.02)
,,,2015
,,,172lbs(78kg)
,,,"6'2""(188cm)"
,,,"Amanzimtoti, South Africa"
,,,"Melbourne, Australia"
,,,"Right-Handed, Two-Handed Backhand"
,,,Tony Vermaak and Peter Luczak
Constant Lestienne,https://www.atpworldtour.com/en/players/constant-lestienne/lb66/overview,171,
Constant Lestienne,https://www.atpworldtour.com/en/players/constant-lestienne/lb66/overview,FRA,
,,,26 (1992.05.23)
,,,2012
,,,159lbs(72kg)
,,,"5'11""(180cm)"
,,,"Amiens, France"
,,,"Paris, France"
,,,"Right-Handed, Two-Handed Backhand"
,,,Arnaud Le Cloerec
Carlos Berlocq,https://www.atpworldtour.com/en/players/carlos-berlocq/b884/overview,172,
Carlos Berlocq,https://www.atpworldtour.com/en/players/carlos-berlocq/b884/overview,ARG,
,,,35 (1983.02.03)
,,,2001
,,,178lbs(81kg)
,,,"6'0""(183cm)"
,,,"Chascomus, Argentina"
,,,"Buenos Aires, Argentina"
,,,"Right-Handed, One-Handed Backhand"
,,,Leonardo Alonso
Reilly Opelka,https://www.atpworldtour.com/en/players/reilly-opelka/o522/overview,173,
Reilly Opelka,https://www.atpworldtour.com/en/players/reilly-opelka/o522/overview,USA,
,,,21 (1997.08.28)
,,,2015
,,,220lbs(100kg)
,,,"6'11""(211cm)"
,,,"St. Joseph, MI, USA"
,,,"Palm Coast, FL, USA"
,,,"Right-Handed, Two-Handed Backhand"
,,,Jay Berger and JY Aubone
Jay Clarke,https://www.atpworldtour.com/en/players/jay-clarke/ci14/overview,174,
Jay Clarke,https://www.atpworldtour.com/en/players/jay-clarke/ci14/overview,GBR,
,,,20 (1998.07.27)
,,,2016
,,,181lbs(82kg)
,,,"6'0""(183cm)"
,,,"Derby, Great Britain"
,,,"Derby, Great Britain"
,,,"Right-Handed, Two-Handed Backhand"
,,,Curtis Clarke and Esteban Carril
Bjorn Fratangelo,https://www.atpworldtour.com/en/players/bjorn-fratangelo/f811/overview,175,
Bjorn Fratangelo,https://www.atpworldtour.com/en/players/bjorn-fratangelo/f811/overview,USA,
,,,25 (1993.07.19)
,,,2012
,,,175lbs(79kg)
,,,"6'0""(183cm)"
,,,"Pittsburgh, PA, USA"
,,,"Orlando, FL, USA"
,,,"Right-Handed, Two-Handed Backhand"
,,,Peter Lucassen
Go Soeda,https://www.atpworldtour.com/en/players/go-soeda/sc47/overview,176,
Go Soeda,https://www.atpworldtour.com/en/players/go-soeda/sc47/overview,JPN,
,,,33 (1984.09.05)
,,,2003
,,,160lbs(73kg)
,,,"5'10""(178cm)"
,,,"Kanagawa, Japan"
,,,"Tokyo, Japan"
,,,"Right-Handed, Two-Handed Backhand"
,,,Davide Sanguinetti
Yoshihito Nishioka,https://www.atpworldtour.com/en/players/yoshihito-nishioka/n732/overview,177,
Yoshihito Nishioka,https://www.atpworldtour.com/en/players/yoshihito-nishioka/n732/overview,JPN,
,,,22 (1995.09.27)
,,,2014
,,,141lbs(64kg)
,,,"5'7""(170cm)"
,,,"Mie, Japan"
,,,"Mie, Japan"
,,,"Left-Handed, Two-Handed Backhand"
,,,Mitsuru Takada
Matthias Bachinger,https://www.atpworldtour.com/en/players/matthias-bachinger/bc65/overview,178,
Matthias Bachinger,https://www.atpworldtour.com/en/players/matthias-bachinger/bc65/overview,GER,
,,,31 (1987.04.02)
,,,2005
,,,183lbs(83kg)
,,,"6'2""(188cm)"
,,,"Munich, Germany"
,,,"Munich, Germany"
,,,"Right-Handed, Unknown Backhand"
,,,Lars Uebel
Andrea Arnaboldi,https://www.atpworldtour.com/en/players/andrea-arnaboldi/a622/overview,179,
Andrea Arnaboldi,https://www.atpworldtour.com/en/players/andrea-arnaboldi/a622/overview,ITA,
,,,30 (1987.12.27)
,,,2006
,,,158lbs(72kg)
,,,"5'11""(180cm)"
,,,"Milan, Italy"
,,,"Cantu, Italy"
,,,"Left-Handed, One-Handed Backhand"
,,,Fabrizio Albani
Kevin King,https://www.atpworldtour.com/en/players/kevin-king/kb14/overview,180,
Kevin King,https://www.atpworldtour.com/en/players/kevin-king/kb14/overview,USA,
,,,27 (1991.02.28)
,,,2013
,,,190lbs(86kg)
,,,"6'3""(191cm)"
,,,"Atlanta, GA, USA"
,,,"Atlanta, GA, USA"
,,,"Left-Handed, Two-Handed Backhand"
Pedro Martinez,https://www.atpworldtour.com/en/players/pedro-martinez/mo44/overview,181,
Pedro Martinez,https://www.atpworldtour.com/en/players/pedro-martinez/mo44/overview,ESP,
,,,21 (1997.04.26)
,,,169lbs(77kg)
,,,"6'0""(183cm)"
,,,"Alzira, Spain"
,,,Spain
,,,"Right-Handed, Two-Handed Backhand"
,,,Javier Ferrer
Matteo Donati,https://www.atpworldtour.com/en/players/matteo-donati/da67/overview,182,
Matteo Donati,https://www.atpworldtour.com/en/players/matteo-donati/da67/overview,ITA,
,,,23 (1995.02.28)
,,,2013
,,,163lbs(74kg)
,,,"6'1""(185cm)"
,,,"Alessandria, Italy"
,,,"Alessandria, Italy"
,,,"Right-Handed, Two-Handed Backhand"
,,,Massimo Puci
Oscar Otte,https://www.atpworldtour.com/en/players/oscar-otte/o449/overview,183,
Oscar Otte,https://www.atpworldtour.com/en/players/oscar-otte/o449/overview,GER,
,,,25 (1993.07.16)
,,,2011
,,,170lbs(77kg)
,,,"6'5""(196cm)"
,,,"Cologne, Germany"
,,,"Cologne, Germany"
,,,"Right-Handed, Two-Handed Backhand"
Daniel Elahi Galan,https://www.atpworldtour.com/en/players/daniel-elahi-galan/ge33/overview,184,
Daniel Elahi Galan,https://www.atpworldtour.com/en/players/daniel-elahi-galan/ge33/overview,COL,
,,,22 (1996.06.18)
,,,2015
,,,159lbs(72kg)
,,,"6'3""(191cm)"
,,,"Bucaramanga, Colombia"
,,,"Bogota, Colombia"
,,,"Right-Handed, Two-Handed Backhand"
,,,Santos Galan
Filip Peliwo,https://www.atpworldtour.com/en/players/filip-peliwo/pf65/overview,185,
Filip Peliwo,https://www.atpworldtour.com/en/players/filip-peliwo/pf65/overview,CAN,
,,,24 (1994.01.30)
,,,2013
,,,158lbs(72kg)
,,,"5'11""(180cm)"
,,,"North Vancouver, Canada"
,,,"North Vancouver, Canada"
,,,"Right-Handed, Two-Handed Backhand"
,,,Frederic Niemeyer
Mohamed Safwat,https://www.atpworldtour.com/en/players/mohamed-safwat/sk47/overview,186,
Mohamed Safwat,https://www.atpworldtour.com/en/players/mohamed-safwat/sk47/overview,EGY,
,,,27 (1990.09.19)
,,,182lbs(83kg)
,,,"5'11""(180cm)"
,,,"Mansoura, Egypt"
,,,"Cairo, Egypt"
,,,"Right-Handed, Two-Handed Backhand"
,,,Gilbert Schaller
Tallon Griekspoor,https://www.atpworldtour.com/en/players/tallon-griekspoor/gj37/overview,187,
Tallon Griekspoor,https://www.atpworldtour.com/en/players/tallon-griekspoor/gj37/overview,NED,
,,,22 (1996.07.02)
,,,181lbs(82kg)
,,,"6'2""(188cm)"
,,,"Haarlem, Netherlands"
,,,"Nieuw Vennep, Netherlands"
,,,"Right-Handed, Two-Handed Backhand"
,,,Kristof Vliegen
Kamil Majchrzak,https://www.atpworldtour.com/en/players/kamil-majchrzak/mq75/overview,188,
Kamil Majchrzak,https://www.atpworldtour.com/en/players/kamil-majchrzak/mq75/overview,POL,
,,,22 (1996.01.13)
,,,168lbs(76kg)
,,,"6'0""(183cm)"
,,,"Piotrkow Trybunalski, Poland"
,,,"Piotrkow Trybunalski, Poland"
,,,"Right-Handed, Two-Handed Backhand"
,,,Tomasz Iwanski
Calvin Hemery,https://www.atpworldtour.com/en/players/calvin-hemery-/hb48/overview,189,
Calvin Hemery,https://www.atpworldtour.com/en/players/calvin-hemery-/hb48/overview,FRA,
,,,23 (1995.01.28)
,,,2013
,,,176lbs(80kg)
,,,"6'4""(193cm)"
,,,"Les Lilas, France"
,,,"Paris, France"
,,,"Right-Handed, Two-Handed Backhand"
,,,Jerome Potier
Alexey Vatutin,https://www.atpworldtour.com/en/players/alexey-vatutin/v717/overview,190,
Alexey Vatutin,https://www.atpworldtour.com/en/players/alexey-vatutin/v717/overview,RUS,
,,,25 (1992.10.27)
,,,152lbs(69kg)
,,,"5'10""(178cm)"
,,,"Volgograd, Russia"
,,,"Volgograd, Russia"
,,,"Right-Handed, Two-Handed Backhand"
,,,"Yuriy Kozlovich (uncle), Eduard Davydenko"
Norbert Gombos,https://www.atpworldtour.com/en/players/norbert-gombos/gb93/overview,191,
Norbert Gombos,https://www.atpworldtour.com/en/players/norbert-gombos/gb93/overview,SVK,
,,,28 (1990.08.13)
,,,2009
,,,190lbs(86kg)
,,,"6'4""(193cm)"
,,,"Galanta, Slovakia"
,,,"Bratislava, Slovakia"
,,,"Right-Handed, Two-Handed Backhand"
,,,Ladislav Simon
Thanasi Kokkinakis,https://www.atpworldtour.com/en/players/thanasi-kokkinakis/kd46/overview,192,
Thanasi Kokkinakis,https://www.atpworldtour.com/en/players/thanasi-kokkinakis/kd46/overview,AUS,
,,,22 (1996.04.10)
,,,2013
,,,185lbs(84kg)
,,,"6'4""(193cm)"
,,,"Adelaide, Australia"
,,,"Adelaide, Australia"
,,,"Right-Handed, Two-Handed Backhand"
,,,Todd Langman & Joel Kerley
Florian Mayer,https://www.atpworldtour.com/en/players/florian-mayer/mb02/overview,193,
Florian Mayer,https://www.atpworldtour.com/en/players/florian-mayer/mb02/overview,GER,
,,,(1983.10.05)
,,,2001
,,,180lbs(82kg)
,,,"6'3""(191cm)"
,,,"Bayreuth, Germany"
,,,"Bayreuth, Germany"
,,,"Right-Handed, Two-Handed Backhand"
,,,Tobias Summerer
Pedja Krstin,https://www.atpworldtour.com/en/players/pedja-krstin/kd70/overview,194,
Pedja Krstin,https://www.atpworldtour.com/en/players/pedja-krstin/kd70/overview,SRB,
,,,23 (1994.09.03)
,,,161lbs(73kg)
,,,"6'0""(183cm)"
,,,"Mokrin, Serbia"
,,,"Mokrin, Serbia"
,,,"Right-Handed, Two-Handed Backhand"
Alexei Popyrin,https://www.atpworldtour.com/en/players/alexei-popyrin/p09z/overview,195,
Alexei Popyrin,https://www.atpworldtour.com/en/players/alexei-popyrin/p09z/overview,AUS,
,,,19 (1999.08.05)
,,,171lbs(78kg)
,,,"6'5""(196cm)"
,,,"Sydney, Australia"
,,,Australian
,,,"Right-Handed, Two-Handed Backhand"
Miomir Kecmanovic,https://www.atpworldtour.com/en/players/miomir-kecmanovic/ki95/overview,196,
Miomir Kecmanovic,https://www.atpworldtour.com/en/players/miomir-kecmanovic/ki95/overview,SRB,
,,,18 (1999.08.31)
,,,2017
,,,165lbs(75kg)
,,,"6'0""(183cm)"
,,,"Belgrade, Serbia"
,,,"Bradenton, FL, USA"
,,,"Right-Handed, Two-Handed Backhand"
,,,Miro Hrvatin
Hiroki Moriya,https://www.atpworldtour.com/en/players/hiroki-moriya/mi01/overview,197,
Hiroki Moriya,https://www.atpworldtour.com/en/players/hiroki-moriya/mi01/overview,JPN,
,,,27 (1990.10.16)
,,,143lbs(65kg)
,,,"5'6""(168cm)"
,,,"Tokyo, Japan"
,,,"Tokyo, Japan"
,,,"Right-Handed, Two-Handed Backhand"
,,,Oscar Hernandez
Lukas Rosol,https://www.atpworldtour.com/en/players/lukas-rosol/r685/overview,198,
Lukas Rosol,https://www.atpworldtour.com/en/players/lukas-rosol/r685/overview,CZE,
,,,33 (1985.07.24)
,,,2004
,,,182lbs(83kg)
,,,"6'4""(193cm)"
,,,"Brno, Czech Republic"
,,,"Prague, Czech Republic"
,,,"Right-Handed, Two-Handed Backhand"
,,,Hynek Fromel
Nikola Milojevic,https://www.atpworldtour.com/en/players/nikola-milojevic/mm66/overview,199,
Nikola Milojevic,https://www.atpworldtour.com/en/players/nikola-milojevic/mm66/overview,SRB,
,,,23 (1995.06.19)
,,,168lbs(76kg)
,,,"6'2""(188cm)"
,,,"Belgrade, Serbia"
,,,"Belgrade, Serbia"
,,,"Right-Handed, Two-Handed Backhand"
